previous_7,previous_14,previous_28,previous_70,previous_year,recent_invoices,recent_views
14450.540000000325,14450.540000000325,14450.540000000325,14450.540000000325,0.0,166.0,15047.0
27862.500000000655,27862.500000000655,27862.500000000655,27862.500000000655,0.0,149.5,14603.0
41152.75000000092,41152.75000000092,41152.75000000092,41152.75000000092,0.0,149.66666666666666,14990.666666666666
50840.030000000974,50840.030000000974,50840.030000000974,50840.030000000974,0.0,139.0,14374.0
52283.290000000976,52283.290000000976,52283.290000000976,52283.290000000976,0.0,117.6,12161.8
58716.23000000093,58716.23000000093,58716.23000000093,58716.23000000093,0.0,113.0,11558.833333333334
71853.73000000115,71853.73000000115,71853.73000000115,71853.73000000115,0.0,114.42857142857143,11729.142857142857
66870.20000000086,81320.74000000118,81320.74000000118,81320.74000000118,0.0,121.375,11838.5
64726.78000000058,92589.28000000125,92589.28000000125,92589.28000000125,0.0,120.55555555555556,11690.888888888889
62413.1300000004,103565.88000000133,103565.88000000133,103565.88000000133,0.0,120.8,11720.3
57624.17000000031,108464.2000000013,108464.2000000013,108464.2000000013,0.0,120.81818181818181,11375.0
56180.91000000031,108464.2000000013,108464.2000000013,108464.2000000013,0.0,120.81818181818181,11375.0
54730.84000000033,113447.07000000127,113447.07000000127,113447.07000000127,0.0,117.16666666666667,11137.166666666666
61460.32000000042,133314.0500000016,133314.0500000016,133314.0500000016,0.0,117.53846153846153,11589.461538461539
62005.440000000424,128875.6400000013,143326.18000000162,143326.18000000162,0.0,117.92857142857143,11556.42857142857
66616.56000000065,131343.34000000125,159205.8400000019,159205.8400000019,0.0,117.13333333333334,11738.0
63341.540000000525,125754.67000000093,166907.42000000185,166907.42000000185,0.0,119.9375,11598.4375
69413.7800000007,127037.95000000102,177877.980000002,177877.980000002,0.0,117.82352941176471,11444.0
69413.7800000007,125594.690000001,177877.980000002,177877.980000002,0.0,117.82352941176471,11444.0
66395.70000000072,121126.54000000107,179842.770000002,179842.770000002,0.0,113.5,11031.166666666666
49375.30000000041,110835.62000000082,182689.35000000198,182689.35000000198,0.0,110.26315789473684,10619.631578947368
52713.270000000455,114718.71000000088,196039.45000000205,196039.45000000205,0.0,114.9,10349.55
39101.92000000016,105718.48000000081,198307.76000000205,198307.76000000205,0.0,110.95238095238095,10000.904761904761
31400.340000000208,94741.88000000075,198307.76000000205,198307.76000000205,0.0,110.95238095238095,10000.904761904761
20429.78000000007,89843.56000000077,198307.76000000205,198307.76000000205,0.0,110.95238095238095,10000.904761904761
20429.78000000007,89843.56000000077,198307.76000000205,198307.76000000205,0.0,110.95238095238095,10000.904761904761
18464.990000000067,84860.69000000079,198307.76000000205,198307.76000000205,0.0,110.95238095238095,10000.904761904761
15618.410000000074,64993.71000000049,198307.76000000205,198307.76000000205,0.0,110.95238095238095,10000.904761904761
2268.309999999997,54981.580000000446,183857.22000000172,198307.76000000205,0.0,110.95238095238095,10000.904761904761
0.0,39101.92000000016,170445.2600000014,198307.76000000205,0.0,110.95238095238095,10000.904761904761
0.0,31400.340000000208,157155.01000000114,198307.76000000205,0.0,108.2,9748.6
0.0,20429.78000000007,147467.7300000011,198307.76000000205,0.0,106.89473684210526,9516.473684210527
0.0,20429.78000000007,146024.47000000108,198307.76000000205,0.0,104.5,9169.277777777777
0.0,18464.990000000067,139591.53000000113,198307.76000000205,0.0,104.3529411764706,8971.941176470587
1966.550000000005,17584.96000000008,128420.5800000009,200274.31000000206,0.0,106.58823529411765,8953.823529411764
5027.8200000000015,7296.129999999999,122014.84000000087,203335.58000000205,0.0,104.0,8780.823529411764
5993.670000000003,5993.670000000003,111712.15000000081,204301.43000000206,0.0,97.58823529411765,8148.058823529412
9366.829999999993,9366.829999999993,104108.71000000073,207674.59000000206,0.0,92.70588235294117,7906.588235294118
14346.759999999978,14346.759999999978,104190.32000000073,212654.52000000206,0.0,88.88235294117646,7609.705882352941
14346.759999999978,14346.759999999978,104190.32000000073,212654.52000000203,0.0,86.75,7336.25
16426.859999999986,16426.859999999986,101287.55000000077,214734.62000000203,0.0,81.5,7135.0
28889.710000000145,30856.260000000148,95849.97000000064,229164.0200000022,0.0,81.05882352941177,7226.0
29628.02000000014,34655.84000000014,89637.4200000006,232963.6000000022,0.0,80.3529411764706,7058.764705882353
40262.98000000019,46256.6500000002,85358.57000000036,244564.41000000224,0.0,76.94117647058823,6393.411764705882
49118.45000000028,58485.280000000275,89885.62000000048,256793.04000000234,0.0,74.82352941176471,6304.470588235294
46223.4800000003,60570.24000000028,81000.02000000035,258878.00000000233,0.0,71.70588235294117,5731.176470588235
46223.4800000003,60570.24000000028,81000.02000000035,258878.00000000233,0.0,66.0625,5495.3125
47581.69000000028,64008.550000000265,82473.54000000033,262316.3100000023,0.0,63.375,5290.75
42060.62000000013,70950.33000000028,88535.29000000036,271224.64000000234,0.0,62.588235294117645,5339.058823529412
46108.73100000014,75736.75100000027,83032.88100000027,279072.33100000233,0.0,63.23529411764706,5627.941176470588
41529.83100000008,81792.81100000026,87786.48100000025,286094.2410000023,0.0,64.88235294117646,5743.0
33155.80099999998,82274.25100000025,91641.08100000024,289948.8410000023,0.0,58.11764705882353,5864.764705882353
40489.86099999999,86713.34100000028,101060.10100000024,299367.8610000023,0.0,60.76470588235294,6178.941176470588
40489.86099999999,86713.34100000028,101060.10100000026,299367.8610000023,0.0,60.76470588235294,6178.941176470588
41073.78099999998,88655.47100000027,105082.33100000024,303390.0910000023,0.0,60.27777777777778,6163.0
39183.26099999994,81243.88100000008,112100.14100000022,310407.9010000023,0.0,60.89473684210526,6243.315789473684
46796.70000000004,92905.4310000002,127561.27100000034,325869.0310000024,0.0,66.25,6331.6
46160.34000000004,87690.17100000012,133946.82100000032,332254.5810000024,0.0,67.14285714285714,6394.333333333333
46109.880000000034,79265.68100000001,137750.9610000003,336058.72100000235,0.0,67.86363636363636,6459.181818181818
60657.700999999965,101147.56199999995,161717.80200000026,360025.5620000023,0.0,68.47826086956522,6447.608695652174
60657.700999999965,101147.56199999998,161717.80200000026,360025.5620000023,0.0,68.47826086956522,6447.608695652174
60589.03099999997,101662.81199999996,165671.36200000023,363979.1220000023,0.0,68.04166666666667,6491.041666666667
60992.33199999999,100175.59299999994,171125.9230000002,371400.2330000023,0.0,68.6,6484.88
50147.73199999985,96944.43199999991,172681.18300000016,376016.76300000225,0.0,68.26923076923077,6510.192307692308
49733.57299999985,95893.9129999999,177686.7240000001,381988.15400000225,0.0,71.34615384615384,6672.653846153846
50767.33299999983,96877.21299999989,179151.46400000012,386826.0540000022,0.0,75.07692307692308,6774.038461538462
31128.65199999988,91786.35299999984,178499.69400000013,391154.2140000022,0.0,80.1923076923077,6911.038461538462
31128.65199999988,91786.35299999983,178499.69400000013,391154.2140000022,0.0,79.92,6847.52
29485.551999999898,90074.58299999987,178730.05400000012,393464.6740000022,0.0,79.36,6781.12
28902.81099999991,89895.1429999999,171139.02399999998,400303.0440000022,0.0,79.1923076923077,6774.807692307692
27893.490999999925,78041.22299999977,170946.65399999998,389459.71400000184,0.0,80.0,6861.423076923077
26033.78999999992,75767.36299999978,163457.53399999987,380159.4440000015,0.0,78.61538461538461,6641.884615384615
24097.039999999946,74864.37299999979,154130.0539999998,369770.3440000012,0.0,80.0,6607.384615384615
22778.84999999994,53907.501999999826,155055.06399999978,363093.0340000011,0.0,80.42307692307692,6547.653846153846
22778.84999999994,53907.501999999826,155055.06399999978,361649.77400000114,0.0,80.16,6424.96
24023.379999999925,53508.931999999826,155171.7439999998,358771.8240000011,0.0,80.08,6502.72
22865.75099999992,51768.56199999983,151944.15499999974,351315.06500000093,0.0,79.11538461538461,6521.5
27281.2709999999,55174.76199999983,152119.19399999973,349870.78500000085,0.0,81.73076923076923,6655.2692307692305
26530.970999999903,52564.760999999824,148458.6739999997,341963.6350000008,0.0,82.26923076923077,6685.115384615385
28658.49099999988,52755.53099999982,149632.7439999997,336015.7050000007,0.0,83.8076923076923,6664.538461538462
33586.970999999896,56365.820999999836,148152.17399999968,339055.8350000008,0.0,83.1923076923077,6677.076923076923
33586.970999999896,56365.820999999836,148152.17399999965,339055.8350000008,0.0,83.0,6652.64
33399.11199999989,57422.49199999982,147497.07499999966,337440.0960000008,0.0,82.32,6491.92
31449.86099999988,54315.611999999805,144210.75499999968,321304.60600000044,0.0,82.46153846153847,6562.307692307692
27645.0709999999,54926.34199999981,132967.56499999957,315510.41600000043,0.0,83.84615384615384,6589.115384615385
29476.42199999989,56007.3929999998,131774.75599999956,304823.4970000001,0.0,85.8076923076923,6560.692307692308
29664.85199999989,58323.34299999977,133187.71599999955,302339.0170000001,0.0,82.84615384615384,6618.153846153846
29272.83299999987,62859.80399999978,116767.30599999959,298914.888,0.0,82.07692307692308,6504.846153846154
29272.83299999987,62859.80399999978,116767.30599999959,298914.8879999999,0.0,82.04,6452.2
29866.49199999987,63265.60399999976,116774.53599999959,300910.8879999999,0.0,81.08,6429.12
30606.60199999986,62056.462999999734,113825.02499999957,302535.9079999999,0.0,81.6923076923077,6452.576923076923
33292.97199999986,60938.04299999976,116112.8049999996,296090.1179999998,0.0,84.73076923076923,6455.384615384615
34304.19099999985,63780.612999999736,116345.37399999956,300025.76799999975,0.0,84.8076923076923,6611.576923076923
36695.91099999984,66360.76299999973,119116.29399999954,307634.5879999997,0.0,86.42307692307692,6785.961538461538
34212.68999999983,63485.5229999997,119851.34399999953,312697.79799999966,0.0,83.96153846153847,6756.2307692307695
34212.68999999983,63485.5229999997,119851.34399999953,312697.79799999966,0.0,81.6,6696.92
36484.809999999816,66351.30199999968,123773.7939999995,318930.70799999963,0.0,78.4,6811.64
41700.03999999978,72306.64199999964,126622.25399999945,328617.5379999996,0.0,79.57692307692308,6892.346153846154
41548.40999999976,74841.38199999962,129767.72399999943,335370.2179999996,0.0,82.26923076923077,7018.384615384615
41718.059999999794,76022.25099999964,132029.64399999945,341743.82799999963,0.0,82.61538461538461,7093.576923076923
39530.09999999982,76226.01099999966,134549.3539999994,347164.68799999956,0.0,83.3076923076923,7082.153846153846
38210.97999999984,72423.66999999968,135283.47399999943,350908.77799999964,0.0,83.92307692307692,7173.576923076923
38210.97999999984,72423.66999999968,135283.47399999943,350908.7779999996,0.0,83.24,7269.28
33795.64999999989,70280.4599999997,133546.0639999995,352726.3579999996,0.0,81.24,7221.72
31682.350999999933,73382.39099999973,135438.85399999944,358333.3389999995,0.0,81.26923076923077,7215.153846153846
30125.570999999938,71673.9809999997,132612.02399999948,360467.9689999995,0.0,82.92307692307692,7244.038461538462
28015.460999999912,69733.5209999997,133514.13399999944,363765.6189999994,0.0,82.96153846153847,7277.961538461538
29045.3209999999,68575.42099999973,134936.18399999946,366843.17899999936,0.0,82.5,7303.038461538462
74230.30099999982,112441.28099999967,175926.80399999936,410792.3189999993,0.0,83.57692307692308,7315.846153846154
74230.30099999982,112441.28099999967,175926.80399999936,410792.31899999926,0.0,83.28,7272.92
76419.94099999979,110215.59099999967,176566.89299999937,412719.43899999926,0.0,83.28,7330.04
75447.37999999977,107129.73099999971,179436.37299999935,404891.0089999991,0.0,84.07692307692308,7368.884615384615
122766.64999999918,152892.22099999915,227733.60299999878,453606.59899999853,0.0,85.0,7453.115384615385
127721.83999999925,155737.30099999916,231759.55199999883,451224.47899999854,0.0,86.1923076923077,7475.076923076923
140475.39999999944,169520.72099999932,245746.73199999903,458200.1289999986,0.0,87.11538461538461,7612.538461538462
96877.53999999951,171107.84099999935,243531.51099999904,461446.37899999856,0.0,85.6923076923077,7642.192307692308
96877.53999999951,171107.84099999935,243531.51099999904,461446.37899999856,0.0,85.48,7567.76
97631.54999999952,174051.4909999993,244331.95099999898,462769.29899999854,0.0,85.28,7754.36
99647.57999999952,175094.95999999926,248477.35099999903,462477.96899999847,0.0,85.76923076923077,7822.576923076923
54617.56000000008,177384.20999999926,249058.19099999897,462115.42799999844,0.0,87.6923076923077,7993.2692307692305
53269.01000000001,180990.84999999928,250724.37099999897,462963.65799999837,0.0,87.3076923076923,8068.2692307692305
40768.799999999814,181244.19999999925,249819.620999999,465813.1279999984,0.0,86.38461538461539,8142.923076923077
35437.58999999982,132315.1299999993,244756.41099999897,456394.1079999983,0.0,86.48,8052.72
35437.58999999982,132315.12999999936,244756.41099999897,456394.1079999984,0.0,85.83333333333333,7901.708333333333
30676.359999999848,128307.90999999936,238523.500999999,452371.8779999984,0.0,85.82608695652173,7964.565217391304
22059.359999999884,121706.93999999939,228836.6709999991,445354.0679999984,0.0,85.82608695652173,7964.565217391304
18449.309999999892,73066.86999999997,225959.09099999908,433768.0379999983,0.0,85.82608695652173,7843.217391304348
15486.839999999893,68755.8499999999,224493.15099999905,432290.15799999837,0.0,84.21739130434783,7795.913043478261
16055.919999999896,56824.71999999971,226345.44099999903,435759.1679999983,0.0,83.82608695652173,7971.04347826087
19546.08999999988,54983.6799999997,226091.52099999902,415282.49699999834,0.0,82.65217391304348,7833.826086956522
19546.08999999988,54983.6799999997,226091.520999999,415282.4969999983,0.0,82.95454545454545,7887.318181818182
22748.519999999873,53424.87999999972,227476.370999999,414531.36699999834,0.0,82.5,7932.227272727273
26258.99099999986,48318.35099999974,223413.31099999903,410620.7269999983,0.0,82.65217391304348,7878.478260869565
26654.150999999867,45103.460999999756,222487.67099999904,410274.4569999983,0.0,85.56521739130434,8043.304347826087
25216.36099999989,40703.20099999979,221694.05099999902,407772.94599999825,0.0,84.78260869565217,8069.478260869565
42209.80100000002,58265.72099999992,239509.92099999913,427201.6359999984,0.0,84.56521739130434,8082.04347826087
41271.511000000035,60817.600999999915,193132.7309999992,425425.35599999846,0.0,84.21739130434783,7993.782608695652
41271.511000000035,60817.600999999915,193132.73099999924,425425.3559999984,0.0,83.63636363636364,7910.318181818182
43689.22100000002,66437.74099999989,194745.65099999923,428735.0359999984,0.0,82.04545454545455,7885.045454545455
55832.189999999944,82091.1809999998,203798.12099999923,437550.1059999983,0.0,82.21739130434783,8060.173913043478
65501.52000000005,92155.67099999991,165222.5409999999,447882.4859999984,0.0,82.82608695652173,8108.739130434783
70412.21000000005,95628.57099999994,164384.42099999986,452151.36599999847,0.0,82.04347826086956,8101.913043478261
63255.020000000004,105464.82100000003,162289.54099999976,466359.61599999847,0.0,84.1304347826087,8250.739130434782
66623.29,107894.80100000004,162878.48099999974,469269.79599999846,0.0,82.08695652173913,8153.739130434783
66623.29,107894.80100000004,162878.48099999974,469269.79599999846,0.0,80.72727272727273,8062.409090909091
65406.29999999998,109095.52100000002,162520.40099999975,470117.95599999843,0.0,79.0909090909091,7994.772727272727
58848.24000000005,114680.43,162998.78099999976,473532.59499999846,0.0,80.8695652173913,8054.478260869565
50531.20999999993,116032.72999999997,161136.19099999973,471132.42499999836,0.0,82.8695652173913,8132.913043478261
48036.42999999991,118448.63999999997,159151.84099999975,473656.82499999844,0.0,82.04347826086956,8210.0
-14063.01900000075,49192.00099999924,107457.7219999992,423638.1059999978,0.0,81.95652173913044,8267.260869565218
-13436.589000000766,53186.70099999923,114004.30199999917,422246.2359999978,0.0,82.26086956521739,8167.130434782609
-13436.589000000766,53186.70099999923,114004.30199999914,422246.23599999776,0.0,80.86363636363636,8106.363636363636
-15201.69900000074,50204.60099999925,116642.34199999913,421517.14499999786,0.0,79.21739130434783,7954.130434782609
-24297.079000000704,34551.16099999934,116642.34199999913,417785.6549999979,0.0,79.21739130434783,7954.130434782609
-22062.17900000068,28469.03099999924,120624.70199999915,421425.17499999783,0.0,80.125,7936.458333333333
-20775.369000000694,27261.060999999212,122889.63199999915,423405.03399999783,0.0,81.6,7934.84
33952.08999999997,19889.070999999214,125353.89199999924,427925.3439999979,0.0,84.04,8241.32
31604.659999999953,18168.070999999192,126062.87199999922,424578.06299999787,0.0,84.68,8310.08
31604.659999999953,18168.07099999919,126062.87199999922,424578.0629999979,0.0,84.20833333333333,8193.5
34179.29999999992,18977.60099999918,128073.12199999919,425829.95299999794,0.0,84.5,8325.958333333334
42810.22999999993,18513.150999999227,133193.5809999992,429989.28299999796,0.0,85.92,8360.08
41375.469999999914,19313.29099999924,135346.0209999992,429507.6729999979,0.0,91.36,8526.76
38793.169999999925,18017.80099999924,136466.4409999992,427894.01299999794,0.0,93.44,8572.12
34580.049999999865,68532.13999999982,117724.14099999907,425809.482999998,0.0,93.56,8612.84
34245.38999999988,65850.04999999983,119036.75099999904,424610.762999998,0.0,95.24,8496.48
34245.38999999988,65850.04999999983,119036.75099999906,424610.762999998,0.0,95.5,8537.25
33646.12999999988,67825.42999999979,118030.03099999904,422991.272999998,0.0,95.45833333333333,8536.5
30314.689999999835,73124.91999999977,107676.0809999991,418603.93299999804,0.0,97.48,8505.6
30020.82999999982,71396.29999999974,99865.33099999899,417980.092999998,0.0,98.84,8515.24
30048.59999999981,68841.76999999974,96102.83099999899,416224.55299999804,0.0,98.6,8285.76
31160.099999999802,65740.14999999966,85629.22099999888,417439.482999998,0.0,99.0,8336.32
33494.7099999998,67740.09999999967,85908.17099999887,419894.492999998,0.0,100.56,8256.32
33494.7099999998,67740.09999999967,85908.17099999887,419894.492999998,0.0,99.25,8185.166666666667
33577.29999999981,67223.42999999969,86201.03099999887,422772.9229999979,0.0,98.54166666666667,8230.375
33888.43999999982,64203.129999999655,82716.28099999888,420810.0219999979,0.0,98.52,8300.2
33153.06999999983,63173.89999999965,82487.19099999889,421007.59199999785,0.0,102.76,8376.48
42085.42999999996,72134.02999999977,90151.83099999902,430294.521999998,0.0,102.72,8394.92
41758.04999999995,72918.14999999976,141450.28999999957,430152.21199999796,0.0,102.52,8394.52
41160.73999999995,74655.44999999975,140505.4999999996,386824.93199999805,0.0,103.32,8217.0
41160.73999999995,74655.44999999975,140505.4999999996,386824.93199999805,0.0,103.20833333333333,8085.583333333333
38844.75999999998,72422.05999999976,140247.4899999996,385197.74199999816,0.0,100.75,7954.041666666667
33234.130000000005,67122.56999999982,140247.48999999958,378596.7719999982,0.0,100.75,7954.041666666667
32074.230000000025,65227.29999999985,136623.5999999996,330315.1719999988,0.0,101.20833333333333,8001.083333333333
22174.139999999927,64259.56999999988,133101.33999999962,324746.8219999988,0.0,99.32,7855.04
23483.119999999923,65241.169999999875,130981.31999999954,313159.9319999986,0.0,99.84,7905.64
25375.479999999938,66536.21999999988,134276.31999999954,315322.8719999985,0.0,100.84,7801.76
25375.479999999938,66536.21999999988,134276.31999999957,315322.8719999985,0.0,99.70833333333333,7572.875
30029.789999999866,68874.54999999984,136097.97999999954,317595.98199999845,0.0,99.20833333333333,7604.791666666667
39515.70999999989,72749.83999999988,136952.96999999956,318464.9019999985,0.0,100.0,7799.2
48137.440000000075,80211.67000000009,143385.56999999975,323835.0519999987,0.0,102.36,7830.24
49178.380000000034,71352.51999999995,143486.54999999973,320656.1919999987,0.0,101.4,7826.12
46022.05000000005,69505.16999999995,142423.31999999972,318413.18199999875,0.0,98.2,7659.48
53538.49000000012,78913.97000000006,153569.41999999984,333423.7719999988,0.0,96.8,7750.92
53538.49000000012,78913.97000000006,153569.41999999984,333423.77199999883,0.0,96.875,7750.0
51303.17000000016,81332.96000000002,153755.01999999981,338222.7919999988,0.0,95.70833333333333,7857.0
47618.90000000011,87134.61,154257.17999999985,344024.44199999876,0.0,94.88,7867.44
42300.859999999935,90438.3,155665.59999999986,347686.60199999873,0.0,96.2,7995.48
43827.38999999994,93005.76999999997,157265.33999999985,348996.74199999875,0.0,94.08,8100.92
113072.75999999953,159094.8099999996,224335.97999999946,415430.02199999837,0.0,94.44,8202.64
102125.27999999945,155663.76999999955,222199.98999999947,416002.9619999983,0.0,93.92,8175.0
102125.27999999945,155663.76999999955,222199.98999999944,416002.9619999983,0.0,94.16666666666667,8128.0
98910.17999999948,150213.34999999966,219087.8999999995,414384.45199999836,0.0,90.08333333333333,7959.416666666667
98892.11999999946,146511.01999999958,219260.8599999995,416657.5709999983,0.0,88.56,7978.48
95642.43999999945,137943.29999999938,218154.96999999948,416674.8909999984,0.0,88.28,7873.92
93971.07999999945,137798.46999999942,209150.98999999935,417751.46099999826,0.0,87.16,7762.24
30125.479999999858,143198.23999999938,212703.40999999933,403345.70099999814,0.0,85.64,7752.04
31686.549999999843,133811.82999999926,212725.79999999935,406418.00099999807,0.0,82.96,7598.48
31686.549999999843,133811.82999999926,212725.79999999932,406418.00099999807,0.0,82.20833333333333,7450.0
34252.15999999982,133162.3399999993,214495.29999999932,404947.3909999981,0.0,80.66666666666667,7401.5
35098.799999999814,133990.91999999929,221125.5299999993,395924.1809999982,0.0,80.64,7549.84
37003.6299999998,132646.06999999925,223084.36999999927,388177.00099999807,0.0,82.8,7813.2
40008.929999999775,133980.00999999922,226985.77999999918,387348.18099999806,0.0,85.23076923076923,7927.846153846154
36528.75999999977,66654.23999999963,225749.0499999992,376619.440999998,0.0,86.96153846153847,8149.115384615385
34254.96999999978,65941.51999999964,221605.2899999992,374049.68099999795,0.0,87.11538461538461,8227.73076923077
34254.96999999978,65941.51999999964,221605.28999999916,374049.680999998,0.0,86.04,8205.04
32390.98999999981,66643.14999999962,216856.49999999924,371932.08099999797,0.0,81.24,8098.68
32294.879999999805,67393.67999999961,213904.6999999992,369370.82099999796,0.0,83.0,8223.538461538461
30709.229999999843,67712.85999999965,205656.15999999904,368355.02099999797,0.0,82.5,8057.538461538462
33256.29999999991,73265.22999999969,211063.69999999905,372568.050999998,0.0,81.6923076923077,7915.0
33289.05999999992,69817.81999999969,213016.05999999907,423971.51999999856,0.0,80.8076923076923,7861.653846153846
33873.25999999992,68128.22999999972,201940.05999999898,421359.5299999986,0.0,79.1923076923077,7689.846153846154
33873.25999999992,68128.22999999972,201940.05999999898,421359.5299999985,0.0,78.36,7743.84
33628.16999999993,66019.15999999976,199181.49999999904,420761.94999999856,0.0,75.4,7440.52
32596.549999999952,64891.42999999976,198882.34999999905,426264.4499999986,0.0,75.03846153846153,7379.2307692307695
32786.20999999993,63495.43999999978,196141.50999999905,423203.40999999864,0.0,74.46153846153847,7309.538461538462
29420.299999999883,62676.59999999979,196656.60999999903,422763.71999999863,0.0,75.73076923076923,7284.346153846154
33522.78999999992,66811.84999999983,133466.08999999947,423542.2199999986,0.0,76.65384615384616,7304.346153846154
34041.64999999989,67914.90999999981,133856.42999999947,423796.5199999986,0.0,78.11538461538461,7197.384615384615
34041.64999999989,67914.90999999981,133856.42999999947,423796.51999999856,0.0,77.24,7107.32
35066.94999999989,68695.1199999998,135338.26999999947,421649.59999999864,0.0,76.28,7085.88
-9138.490000000325,23458.059999999627,90851.73999999923,374315.72999999835,0.0,75.96153846153847,7155.923076923077
-9623.400000000333,23162.8099999996,90875.66999999924,372204.53999999835,0.0,77.38461538461539,7348.153846153846
-10526.690000000322,18893.609999999557,92158.83999999924,373443.85999999836,0.0,78.65384615384616,7304.653846153846
-13640.910000000344,19881.87999999957,89699.69999999925,375321.2599999984,0.0,80.92307692307692,7400.153846153846
-14562.85000000034,19478.799999999563,87607.02999999927,374988.2799999984,0.0,80.34615384615384,7369.307692307692
-14562.85000000034,19478.799999999563,87607.02999999927,374988.2799999984,0.0,78.84,7348.68
-13537.13000000035,21529.81999999953,87548.97999999928,374466.3399999984,0.0,79.12,7397.88
32395.729999999836,23257.239999999514,88148.66999999927,376396.76999999845,0.0,79.0,7453.807692307692
31770.01999999985,22146.61999999952,85642.0599999993,373953.72999999847,0.0,79.8076923076923,7487.461538461538
30171.57999999985,19644.889999999526,82321.48999999934,373566.83999999845,0.0,80.03846153846153,7388.846153846154
37864.59999999989,24223.68999999955,91035.5399999994,382025.7599999985,0.0,80.5,7334.5
37567.7899999999,23004.939999999573,90919.8499999994,379061.35999999853,0.0,77.57692307692308,7097.423076923077
37567.7899999999,23004.939999999566,90919.84999999938,379061.35999999853,0.0,76.72,6921.84
36210.79999999992,22673.66999999957,91368.78999999938,377099.8399999985,0.0,75.96,6830.6
35487.34999999993,67883.07999999977,91341.13999999939,377995.67999999854,0.0,75.84615384615384,6840.807692307692
40019.469999999914,71789.48999999977,94952.29999999935,380820.12999999855,0.0,78.26923076923077,7021.961538461538
41998.62999999991,72170.20999999976,91063.81999999931,373480.0399999984,0.0,75.84615384615384,6888.653846153846
30663.65999999988,68528.25999999978,88410.13999999933,370931.3699999984,0.0,76.23076923076923,6965.2307692307695
29394.309999999896,66962.09999999982,86440.89999999934,367294.9299999985,0.0,74.73076923076923,6798.884615384615
29394.309999999896,66962.0999999998,86440.89999999934,367294.9299999985,0.0,73.72,6751.48
29225.139999999898,65435.93999999982,86965.75999999934,367480.2199999985,0.0,73.44,6753.6
25442.34999999992,60929.69999999985,84186.93999999936,370203.89999999845,0.0,73.57692307692308,6744.538461538462
25113.249999999935,65132.71999999985,87279.33999999936,373859.14999999845,0.0,74.61538461538461,6931.7307692307695
28343.440000000002,70342.0699999999,89986.95999999944,379649.3399999985,0.0,74.15384615384616,6894.2692307692305
32867.499999999985,63531.15999999987,87754.84999999941,380315.7499999984,0.0,77.84615384615384,7063.0
36952.54999999996,66346.85999999986,89351.79999999944,378871.9999999985,0.0,77.8076923076923,7094.192307692308
36952.54999999996,66346.85999999986,89351.79999999944,378871.9999999984,0.0,76.76,6996.12
37733.10999999994,66958.24999999984,89631.9199999994,375183.5399999985,0.0,74.08,6952.96
39098.97999999994,64541.32999999987,132424.40999999963,369787.16999999847,0.0,74.03846153846153,6924.576923076923
34435.66999999996,59548.919999999904,131338.40999999965,360157.3799999983,0.0,74.96153846153847,7001.346153846154
30344.429999999906,58687.8699999999,130858.07999999965,360815.3899999983,0.0,74.76923076923077,7004.692307692308
27755.499999999913,60622.999999999905,129151.25999999966,362049.1999999984,0.0,75.53846153846153,7071.384615384615
26438.159999999923,63390.70999999988,130352.80999999968,351771.6699999983,0.0,74.8076923076923,7097.192307692308
26438.159999999923,63390.709999999875,130352.80999999968,351771.66999999824,0.0,73.6,7076.44
27127.699999999917,64860.80999999986,130296.74999999968,351008.06999999826,0.0,73.96,7168.6
26615.3199999999,65714.29999999984,126643.99999999968,348783.5899999983,0.0,73.5,7198.153846153846
27120.769999999884,61556.43999999985,126689.1599999997,344977.28999999823,0.0,74.07692307692308,7226.5
28202.899999999863,58547.32999999977,128889.39999999967,345190.8999999982,0.0,75.15384615384616,7272.384615384615
29913.10999999987,57668.609999999775,121199.76999999967,278889.54999999865,0.0,75.84615384615384,7400.192307692308
51963.29999999989,78401.45999999982,144748.31999999966,301609.68999999866,0.0,74.34615384615384,7271.2307692307695
51963.29999999989,78401.45999999982,144748.3199999997,301609.68999999866,0.0,73.28,7214.08
50230.16999999992,77357.86999999984,144316.1199999997,302328.05999999866,0.0,72.08,7230.6
46652.999999999935,73268.31999999983,137809.6499999997,296544.4699999987,0.0,72.08,7230.6
53649.51999999996,80770.28999999985,140319.20999999973,302984.3699999987,0.0,73.52,7417.52
51472.34999999998,79675.24999999984,138363.11999999976,302692.1699999988,0.0,73.96,7347.04
51958.68999999995,81871.79999999981,142494.79999999973,300722.7599999988,0.0,74.64,7453.12
29315.559999999932,81278.85999999983,144669.56999999972,299238.69999999885,0.0,75.2,7377.32
29315.559999999932,81278.85999999983,144669.5699999997,299238.69999999885,0.0,75.29166666666667,7352.125
29312.779999999933,79542.94999999984,144403.75999999972,297388.6799999989,0.0,74.33333333333333,7360.125
35819.5299999999,82472.52999999982,148186.8299999997,297265.19999999885,0.0,74.24,7380.96
29047.75999999987,82697.27999999984,144253.7199999997,295028.49999999884,0.0,74.56,7465.48
28687.749999999876,80160.09999999986,138707.42999999964,291370.9899999988,0.0,74.04,7471.0
28173.86999999985,80132.55999999981,137801.1699999996,292367.8699999988,0.0,75.88,7560.36
27887.789999999848,57203.34999999978,135604.8099999996,292871.5199999988,0.0,75.76,7602.44
27887.789999999848,57203.34999999978,135604.8099999996,292871.51999999874,0.0,72.29166666666667,7507.25
29465.37999999982,58778.159999999756,136136.0299999996,294463.0699999988,0.0,69.875,7431.125
30922.589999999855,66742.11999999976,140010.4399999996,295892.90999999887,0.0,71.52,7523.12
31154.71999999984,60202.47999999972,140972.76999999955,295473.9899999988,0.0,71.64,7565.68
31636.549999999836,60324.29999999971,139999.54999999955,289751.2399999987,0.0,72.44,7694.44
55491.6509999999,83665.52099999975,165537.3209999996,314570.46099999885,0.0,74.52,7810.12
56313.010999999904,84200.80099999974,165479.66099999959,315311.2709999988,0.0,75.28,7725.04
56313.010999999904,84200.80099999976,165479.66099999959,315311.2709999987,0.0,74.91666666666667,7677.375
57483.7309999999,86949.11099999971,166492.06099999955,318318.63099999866,0.0,74.66666666666667,7726.5
59083.02099999996,90005.6109999998,172478.14099999962,322379.3809999988,0.0,75.72,7850.08
62495.82099999994,93650.54099999976,176347.8209999996,325183.6009999988,0.0,78.88,8181.24
63745.87099999994,95382.42099999978,175542.5209999996,324076.8109999988,0.0,80.56,8223.48
38388.79999999988,93880.4509999998,174013.0109999996,319436.47099999874,0.0,81.6,8441.88
43409.889999999985,99722.9009999999,156926.25099999964,324679.51099999895,0.0,80.92,8434.08
43409.889999999985,99722.90099999988,156926.25099999967,324679.51099999895,0.0,80.08333333333333,8373.125
42649.57,100133.30099999989,158911.46099999963,325901.250999999,0.0,81.29166666666667,8508.75
72791.42999999954,131874.4509999995,198616.57099999927,404309.30099999876,0.0,82.48,8782.88
75798.75999999972,138294.58099999963,198497.06099999935,410605.76099999895,0.0,87.76,9242.24
78004.7199999997,141750.59099999964,202074.89099999933,412608.2209999989,0.0,89.5,9382.846153846154
89563.22999999978,127952.02999999965,211617.5509999994,422640.6109999989,0.0,91.34615384615384,9615.807692307691
87513.73999999966,130923.62999999964,215124.43099999937,426756.10099999886,0.0,91.53846153846153,9787.461538461539
87513.73999999966,130923.62999999964,215124.43099999937,426756.10099999886,0.0,91.12,9778.88
90602.7899999996,133252.3599999996,220201.4709999993,430041.17099999887,0.0,91.6,10061.16
58315.67999999998,131107.10999999952,221112.72099999932,430229.2509999988,0.0,91.96153846153847,10199.538461538461
115527.1099999983,191325.86999999802,284976.41099999775,494362.8509999973,0.0,98.5,10725.653846153846
112060.00999999834,190064.72999999803,285447.15099999774,494496.65099999734,0.0,98.46153846153847,10806.115384615385
109191.99999999859,198755.22999999838,292635.6809999981,493968.01099999767,0.0,102.5,11259.692307692309
109063.5099999986,196577.24999999828,296300.15099999815,498251.8209999976,0.0,103.92307692307692,11464.692307692309
109063.5099999986,196577.24999999828,296300.15099999815,498251.8209999976,0.0,104.0,11537.92
107001.54999999862,197604.33999999825,297737.64099999814,500831.9209999976,0.0,104.8,11657.88
107299.54999999858,165615.2299999986,297489.680999998,502041.45099999756,0.0,105.61538461538461,11762.884615384615
47874.83000000011,163401.93999999843,301696.520999998,502218.2109999975,0.0,109.3076923076923,12098.153846153846
59105.57000000021,171165.57999999856,312916.17099999817,511603.59099999757,0.0,109.0,12238.23076923077
51762.0599999999,160954.05999999846,288906.08999999816,515066.41099999764,0.0,111.11538461538461,12504.384615384615
73224.57999999993,182288.08999999854,313211.71999999817,542082.0909999977,0.0,112.84615384615384,12655.0
73224.57999999993,182288.08999999854,313211.71999999817,542082.0909999976,0.0,112.6,12767.72
75543.45999999989,182545.00999999855,315797.3699999981,547150.2409999976,0.0,112.52,13009.56
79453.0500000001,186752.5999999987,317859.70999999816,556052.1509999979,0.0,115.07692307692308,13001.23076923077
79976.76000000018,127851.59000000029,319177.4599999983,557081.7209999978,0.0,116.57692307692308,13122.538461538461
35006.07000000008,94111.64000000028,284176.3699999983,518266.22099999775,0.0,117.38461538461539,13218.807692307691
36475.880000000085,88237.94,286993.16999999835,518674.7909999977,0.0,116.5,13037.192307692309
18884.690000000082,92109.27000000002,288686.5199999983,524014.23099999764,0.0,118.03846153846153,13115.653846153846
18884.690000000082,92109.27000000002,288686.5199999982,524014.23099999776,0.0,118.76,13103.6
18259.060000000092,93802.51999999999,291406.85999999824,527676.1909999977,0.0,118.72,13161.72
12703.419999999885,92156.47,257771.6999999986,529656.5909999977,0.0,118.23076923076923,13039.346153846154
11963.999999999807,91940.76000000001,255342.6999999984,534610.0509999976,0.0,120.42307692307692,13291.153846153846
47670.03999999979,82676.10999999988,253841.68999999843,535591.8309999976,0.0,119.26923076923077,13098.846153846154
54099.22999999988,90575.10999999996,251529.16999999847,545018.5209999977,0.0,117.03846153846153,12784.23076923077
49652.74999999987,68537.43999999994,250825.52999999846,547228.8209999978,0.0,115.38461538461539,12744.884615384615
49652.74999999987,68537.43999999994,250825.52999999846,547228.8209999977,0.0,115.08,12660.96
50145.719999999885,68404.77999999997,250949.78999999847,550694.2109999977,0.0,115.04,12754.64
56592.02000000007,69295.43999999994,256048.03999999864,559633.2909999978,14450.540000000325,114.76923076923077,12638.692307692309
56879.03000000006,68843.02999999987,196694.62000000014,564368.3109999979,27862.500000000655,118.1923076923077,12636.26923076923
57976.72000000006,105646.75999999986,199758.4000000001,565365.6509999979,41152.75000000092,119.92307692307692,12544.923076923076
56510.99000000015,110610.22000000004,198848.16,571616.4009999981,50840.030000000974,120.42307692307692,12585.115384615385
57292.89000000013,106945.64,199054.90999999997,552558.410999998,52283.290000000976,123.42307692307692,12638.423076923076
57292.89000000013,106945.64,199054.90999999997,552558.410999998,58716.23000000093,121.96,12401.24
57473.92000000016,107619.64000000004,201422.16,557937.960999998,71853.73000000115,121.52,12478.64
68422.32099999997,125014.34100000003,217170.81100000002,581402.611999998,81320.74000000118,121.61538461538461,12523.653846153846
72048.48100000022,128927.51100000028,220868.27100000027,582767.2719999981,92589.28000000125,124.73076923076923,12821.461538461539
77496.31100000045,135473.03100000048,218149.14100000038,591389.6119999983,103565.88000000133,125.73076923076923,12925.923076923076
76378.69100000043,132889.68100000056,223464.79100000055,596036.4019999986,108464.2000000013,127.53846153846153,12990.307692307691
81307.16100000063,138600.05100000076,207137.4910000007,604550.0119999987,108464.2000000013,128.19230769230768,13005.423076923076
81307.16100000063,138600.05100000076,207137.4910000007,604550.0119999987,113447.07000000127,128.44,12944.68
82068.22100000065,139542.14100000082,207946.92100000076,610693.4019999987,133314.0500000016,126.68,12861.52
72928.18000000088,141350.50100000083,210645.94100000078,618511.2619999989,143326.18000000162,126.92307692307692,13004.692307692309
73104.32000000076,145152.801000001,213995.83100000085,626823.8319999991,159205.8400000019,129.76923076923077,13244.961538461539
71129.27100000068,148625.5820000011,254272.34200000096,633831.1329999991,166907.42000000185,128.03846153846155,13321.653846153846
69436.30100000059,145814.99200000102,256425.21200000102,637298.8329999994,177877.980000002,128.92307692307693,13389.346153846154
66756.07100000049,148063.23200000112,255008.8720000011,643418.2929999994,177877.980000002,130.0,13399.307692307691
66756.07100000049,148063.23200000112,255008.8720000011,643418.2929999994,179842.770000002,130.4,13445.56
67222.88100000045,149291.1020000011,256910.74200000113,648450.9029999992,182689.35000000198,128.72,13574.0
65624.94100000043,138553.12100000132,263567.46200000134,653213.6129999994,196039.45000000205,127.8076923076923,13581.5
67332.36100000056,140436.68100000135,269364.1920000016,663001.4729999998,198307.76000000205,131.19230769230768,13850.76923076923
70598.97000000061,141728.2410000013,277201.2720000018,672793.553,198307.76000000205,134.34615384615384,14049.76923076923
71543.44000000076,140979.74100000135,273869.42200000194,653350.6220000001,198307.76000000205,136.19230769230768,14200.153846153846
71882.53000000068,138638.6010000012,277238.6520000019,658987.8120000002,198307.76000000205,137.0,14309.692307692309
71882.53000000068,138638.6010000012,277238.6520000019,658987.8120000002,198307.76000000205,137.92,14548.2
70802.90000000065,138025.7810000011,277567.9220000019,661770.072,198307.76000000205,138.48,14478.48
74507.97000000067,140132.91100000113,281483.41200000193,668638.5620000002,198307.76000000205,137.96153846153845,14622.846153846154
68446.47000000038,135778.83100000097,280931.63200000196,668952.1220000002,198307.76000000205,141.1153846153846,14738.307692307691
80086.82000000046,150685.79000000108,299311.3720000022,689134.5020000006,183857.22000000172,142.46153846153845,15432.576923076924
81928.47000000053,153471.91000000128,299286.9020000023,696890.2920000008,170445.2600000014,142.0,15945.73076923077
93844.0600000006,165726.5900000013,313789.8220000024,709421.9820000007,157155.01000000114,140.53846153846155,16244.038461538461
93844.0600000006,165726.5900000013,313789.8220000024,709421.9820000009,147467.7300000011,137.4,16119.8
101800.32000000116,172603.22000000183,321894.3220000029,720920.8220000011,147991.0200000011,135.24,16560.04
120726.14000000057,195234.11000000124,333787.23100000253,716573.272000001,144619.35000000114,135.15384615384616,17052.884615384617
283116.1199999994,351562.5899999998,491999.2710000011,876269.4819999998,132447.7000000009,135.96153846153845,17417.5
277263.7399999995,357350.56,499078.80100000126,888393.5220000001,126353.85000000086,136.8846153846154,17955.115384615383
292957.6399999994,374886.10999999987,515865.8510000013,900284.7020000004,120065.24000000078,138.07692307692307,18281.384615384617
283554.5199999995,377398.5800000001,516037.18100000126,905462.7620000006,109088.64000000071,135.73076923076923,18074.153846153848
283554.5199999995,377398.5800000001,516037.18100000126,905462.7620000006,106270.42000000074,133.48,18123.6
271734.409999999,373534.73000000016,511560.5110000013,902052.4420000005,120699.82000000091,130.72,17796.76
248765.11999999938,369491.26,509624.17100000114,907022.7120000005,119516.53000000093,128.92307692307693,17525.23076923077
86718.30000000056,369834.42000000004,505613.251000001,847460.6720000022,111250.36000000068,130.84615384615384,17528.615384615383
71581.49000000018,348845.22999999975,499531.0200000008,847915.0020000021,113466.86000000073,129.5,17218.19230769231
48210.95000000003,341168.5899999994,494640.5000000007,839303.6520000017,99672.16000000044,129.34615384615384,16964.19230769231
53517.09999999989,337071.6199999994,502798.21000000066,849916.3520000017,91970.58000000048,126.96153846153847,16789.653846153848
53517.09999999989,337071.6199999994,502798.21000000066,849916.3520000018,84438.33000000034,127.16,16898.48
51191.059999999925,322925.46999999887,495528.6900000007,846241.9520000018,93346.66000000035,122.16,16457.04
46884.57999999989,295649.6999999993,490883.8100000006,846607.7420000018,99229.56100000034,121.15384615384616,16103.884615384615
51020.559999999976,137738.86000000054,489301.45000000036,850606.4020000019,103404.89100000034,119.76923076923077,15759.576923076924
48163.69000000002,119745.1800000002,477095.7400000002,836973.122000002,93909.39100000024,116.57692307692308,15300.576923076924
46111.15000000004,94322.10000000006,469208.21,833652.7420000018,101060.10100000024,111.34615384615384,14757.846153846154
27979.940000000024,81497.03999999992,458895.62,804671.7120000019,101060.10100000026,108.28,14742.0
27979.940000000024,81497.03999999992,458895.62,804671.7120000018,105082.33100000022,105.25,14568.541666666666
26339.750000000022,77530.80999999994,451065.5400000001,797038.2420000021,112100.1410000002,105.3913043478261,14627.608695652174
18257.96000000005,65142.53999999994,434633.79999999993,785412.6520000017,127561.27100000031,105.3913043478261,14627.608695652174
5864.61999999999,56885.17999999997,426719.6,776494.2620000016,133946.82100000032,105.45454545454545,14831.954545454546
3902.1799999999876,52065.87,400911.09999999974,805869.2320000017,137750.9610000003,104.52380952380952,14670.047619047618
0.0,46111.15000000004,387279.7399999994,797176.8620000018,161717.80200000026,101.25,14646.5
0.0,27979.940000000024,365051.5599999994,785787.0220000019,161717.80200000026,99.05263157894737,13954.684210526315
0.0,27979.940000000024,365051.5599999994,785787.0220000017,165671.36200000023,95.27777777777777,13267.722222222223
0.0,26339.750000000022,349265.219999999,778779.1820000019,173092.4730000002,94.52941176470588,12928.176470588236
0.0,18257.96000000005,313907.65999999933,772709.2320000019,177709.00300000017,94.52941176470588,12928.176470588236
4326.01999999999,10190.639999999981,147929.5000000005,768856.282000002,181713.84400000016,92.29411764705883,11942.823529411764
43546.609999999695,47448.78999999969,167193.96999999986,801745.8020000017,183490.4740000001,88.94117647058823,10712.470588235294
51497.26999999967,51497.26999999967,145819.36999999973,794574.9020000015,186852.78400000007,87.0,9937.64705882353
57369.11999999965,57369.11999999965,138866.15999999957,793503.3920000016,183479.62400000013,81.70588235294117,8909.058823529413
57369.11999999965,57369.11999999965,138866.15999999957,793503.3920000016,180810.15400000013,75.375,7894.0
60913.669999999634,60913.669999999634,138444.47999999957,789547.1320000015,187648.52400000012,72.875,7530.25
68741.29999999961,68741.29999999961,133883.83999999956,784858.5120000014,189175.6340000001,72.17647058823529,7620.058823529412
69640.4299999996,73966.44999999959,130851.62999999955,781617.6820000014,178857.92399999994,74.11764705882354,7757.0
38020.71999999989,81567.32999999958,133633.1999999996,781789.8020000017,177959.49399999995,72.82352941176471,7581.411764705882
35736.07999999992,87233.34999999958,133344.49999999962,773799.9920000015,169368.65399999986,67.3529411764706,7316.64705882353
36417.46999999992,93786.58999999957,121766.5299999996,772627.9720000015,157140.0239999998,64.88235294117646,7298.176470588235
36417.46999999992,93786.58999999957,121766.52999999959,772627.9720000015,158610.05399999977,59.5625,6969.5625
34727.41999999995,95641.08999999957,121980.8399999996,766800.6320000014,164290.79499999975,56.875,6490.4375
36682.08999999998,105423.38999999959,123681.34999999966,753118.2810000015,168875.21499999976,56.76470588235294,6721.64705882353
37902.3,107542.7299999996,117733.36999999959,747471.5010000012,163328.2749999997,58.294117647058826,6876.470588235294
35040.56999999999,73061.28999999988,120510.07999999955,739334.0610000012,160509.25399999967,55.1764705882353,6885.176470588235
37530.80999999997,73266.88999999988,124764.15999999957,734952.1110000008,161425.79399999967,54.470588235294116,6976.058823529412
37734.69999999998,74152.16999999991,131521.28999999957,729055.5110000008,157571.1939999997,56.94117647058823,7320.764705882353
37734.69999999998,74152.16999999991,131521.28999999954,729055.5110000008,151519.30499999964,58.125,7516.25
38492.15999999997,73219.57999999991,134133.24999999953,723224.5710000008,155250.7949999996,56.470588235294116,7286.176470588235
35392.16999999994,72074.25999999992,140815.55999999956,715582.2710000005,155446.50499999963,56.72222222222222,7294.777777777777
35590.8299999999,73493.1299999999,147459.57999999952,709958.0110000004,153621.43599999964,58.26315789473684,7393.9473684210525
36084.86999999991,71125.4399999999,152692.76999999947,704289.6600000001,143377.40599999952,58.9,7364.25
35481.1099999999,73011.91999999987,160245.26999999944,700996.9200000002,144538.28699999952,60.285714285714285,7436.761904761905
32719.659999999873,70454.35999999986,164240.94999999943,695019.1,140734.14699999953,62.09090909090909,7358.136363636364
32719.659999999873,70454.35999999986,164240.94999999943,695019.1000000001,120728.09599999957,62.09090909090909,7358.136363636364
32429.41999999989,70921.57999999984,166562.66999999943,688431.1100000001,125199.69599999953,60.47826086956522,7165.782608695652
31937.23999999989,67329.40999999983,172752.7999999994,681894.57,128150.44599999955,61.5,7172.75
30854.679999999917,66445.50999999982,173988.23999999944,673480.3299999997,126933.29499999953,62.48,7220.32
31600.339999999913,67685.20999999982,140746.49999999968,665291.0299999994,129925.58499999951,62.92307692307692,7201.153846153846
27865.389999999934,63346.499999999825,136613.38999999972,657318.8699999994,129017.40399999949,62.76923076923077,7200.692307692308
30186.239999999954,62905.89999999983,137058.06999999972,653322.8099999994,124179.50399999952,62.73076923076923,7110.884615384615
30186.239999999954,62905.89999999982,137058.06999999972,653322.8099999995,126084.25399999949,62.12,6986.16
28663.969999999954,61093.38999999984,134312.96999999974,646292.1799999995,135771.08399999942,60.24,6628.88
27829.879999999932,59767.11999999983,131841.37999999974,635216.4799999993,140213.3039999994,59.96153846153846,6596.423076923077
27861.00999999995,58715.68999999987,132208.81999999975,632894.8699999993,139748.5439999994,60.23076923076923,6580.961538461538
26335.309999999976,57935.64999999989,129061.08999999975,611539.519999999,141562.1939999994,59.07692307692308,6391.884615384615
25980.219999999965,53845.6099999999,126857.52999999978,601370.6199999987,141194.59399999943,58.38461538461539,6266.7692307692305
25251.62999999995,55437.8699999999,125892.22999999978,584730.3799999986,138293.4439999994,59.65384615384615,6164.192307692308
25251.62999999995,55437.8699999999,125892.22999999976,584730.3799999986,137101.05399999945,60.0,6136.44
26311.539999999954,54975.50999999991,125897.08999999976,570803.3999999982,144674.58499999944,58.72,5894.64
25330.18999999998,53160.06999999991,120489.47999999973,539820.5299999986,146315.49499999944,58.57692307692308,5907.2307692307695
27122.729999999963,54983.73999999992,121429.24999999972,376901.47999999986,144898.25399999938,60.15384615384615,6099.192307692308
26575.099999999933,52910.409999999916,120595.6199999997,360850.8799999995,143326.24399999942,60.69230769230769,6010.615384615385
30923.299999999956,56903.519999999924,120250.01999999976,339336.2799999994,188893.92399999933,61.53846153846154,6138.576923076923
28420.209999999955,53671.83999999991,116577.73999999973,329596.06999999925,183865.25399999938,62.46153846153846,6054.615384615385
28420.209999999955,53671.83999999991,116577.73999999973,329596.06999999925,179934.02399999934,62.8,6023.32
29282.139999999945,55593.6799999999,116687.06999999973,328351.1299999992,186534.9939999993,61.4,5854.4
42504.12000000001,67834.31,127601.42999999982,333559.5299999993,235683.03299999872,61.30769230769231,5942.038461538462
40692.030000000006,67814.75999999997,126530.44999999984,330875.20999999926,241170.23299999876,62.61538461538461,6134.7307692307695
43976.55000000003,70551.64999999997,128487.29999999984,333245.93999999925,256156.57299999899,62.88461538461539,6157.076923076923
41234.42,72157.71999999994,126003.32999999987,332359.7499999993,256295.041999999,62.11538461538461,6115.807692307692
41657.509999999995,70077.71999999996,125515.58999999985,317736.4799999993,251077.94199999902,61.34615384615385,6131.923076923077
41657.509999999995,70077.71999999996,125515.58999999987,317736.4799999993,248292.74099999902,60.28,6021.72
41385.85,70667.98999999995,125643.49999999985,318545.9199999993,256909.740999999,57.68,5938.2
31784.579999999925,74288.69999999992,127448.76999999986,318459.52999999933,260434.10099999892,57.80769230769231,5990.961538461538
33471.41999999992,74163.44999999992,129147.18999999983,313326.06999999925,263832.64099999896,59.42307692307692,6186.115384615385
29748.4399999999,73724.98999999993,126635.39999999985,314830.68999999925,263632.4009999989,58.73076923076923,6136.884615384615
30338.9999999999,71573.41999999991,128476.93999999983,316587.59999999916,257428.44099999894,58.69230769230769,6106.923076923077
30086.559999999903,71744.0699999999,125415.90999999981,319843.09999999916,249819.620999999,58.0,6097.7307692307695
30086.559999999903,71744.0699999999,125415.90999999981,319843.09999999916,244756.41099999897,58.2,6117.56
30481.9699999999,71867.8199999999,127461.49999999981,322688.1399999992,244756.41099999897,56.6,6008.04
33244.54999999997,65029.129999999896,132863.4399999999,333446.11999999924,242398.60099999898,58.53846153846154,6079.846153846154
31317.79999999997,64789.2199999999,132603.97999999986,338779.24999999924,237619.44099999903,60.46153846153846,6375.923076923077
32652.65999999996,62401.09999999986,132952.74999999983,343581.1699999992,238139.910999999,61.46153846153846,6428.7307692307695
30717.469999999958,61056.469999999856,133214.1899999998,347305.0699999992,235256.470999999,62.69230769230769,6493.7692307692305
37937.660000000025,68024.21999999993,138101.9399999999,357780.7599999992,229835.61099999901,64.03846153846153,6559.923076923077
37937.660000000025,68024.21999999993,138101.9399999999,357780.75999999925,229293.950999999,63.96,6635.52
36467.25000000004,66949.21999999993,137617.20999999988,359155.38999999926,232804.42199999897,60.84,6512.68
29560.959999999963,62805.50999999993,137094.20999999988,363007.0799999992,235257.10199999897,60.84615384615385,6498.615384615385
35369.10999999999,66686.90999999996,140850.35999999987,369822.33999999927,231153.45099999898,62.42307692307692,6682.346153846154
33745.5,66398.15999999997,140123.1499999999,333780.0599999996,250224.1409999991,62.57692307692308,6664.807692307692
38677.27000000005,69394.73999999999,140968.1599999999,334485.0699999996,248512.5209999991,63.26923076923077,6737.076923076923
45248.550000000134,83186.21000000015,154930.28000000006,345660.18999999977,242061.80099999913,63.53846153846154,6703.307692307692
45248.550000000134,83186.21000000015,154930.28000000006,345660.18999999977,198752.8709999992,63.16,6631.4
48927.710000000116,85394.96000000015,157262.78000000006,347169.42999999976,214406.31099999914,63.04,6733.44
48014.780000000115,77575.74000000009,142604.86999999994,342280.55999999976,224338.68099999923,63.26923076923077,6733.5
47263.070000000225,82632.18000000023,147421.40000000008,347444.9799999999,226118.28099999932,65.34615384615384,6978.7307692307695
48862.78000000022,82608.28000000022,145009.3800000001,344622.1199999999,190712.51099999997,66.46153846153847,6953.846153846154
44895.040000000154,83572.3100000002,144628.7800000001,343644.0299999998,187413.9709999999,67.65384615384616,6974.5
33452.17,78700.72000000013,146724.94000000006,342694.8899999998,168209.69099999976,67.61538461538461,6933.7692307692305
33452.17,78700.72000000013,146724.94000000006,342694.8899999998,167281.6309999997,67.68,6886.88
30574.780000000017,79502.49000000014,146451.71000000005,343016.7899999998,176377.01099999968,67.48,6725.84
37335.430000000044,85350.21000000018,148155.7200000001,342933.89999999973,177238.3409999997,68.15384615384616,6797.884615384615
36043.999999999905,83307.07000000014,149993.9800000001,345586.67999999976,174507.1309999997,70.46153846153847,7098.692307692308
36406.819999999905,85269.60000000012,151667.7600000001,345988.3699999997,122031.9319999991,72.65384615384616,7181.692307692308
40810.69999999996,85705.7400000001,155100.48000000013,346923.9199999998,120708.37199999912,73.6923076923077,7215.423076923077
39890.949999999946,73343.11999999995,156529.3300000001,344851.1399999997,114004.30199999917,75.23076923076923,7270.923076923077
39890.949999999946,73343.11999999997,156529.3300000001,344851.1399999997,116642.34199999916,74.84,7258.44
39502.70999999995,70077.48999999998,155472.45000000013,344027.33999999973,116642.34199999913,73.48,7108.04
48600.759999999995,85936.19000000005,163511.9300000001,356142.4899999998,124499.80199999911,73.76923076923077,7148.961538461538
45724.37000000001,81768.36999999991,164400.55000000013,355720.2199999999,131672.40199999907,76.11538461538461,7290.884615384615
44353.79000000003,80760.60999999991,163368.89000000016,354257.2899999999,137534.71199999916,75.42307692307692,7213.2692307692305
39969.56999999998,80780.26999999993,164352.58000000013,351412.3799999999,136826.19199999917,76.1923076923077,7144.153846153846
44288.20000000004,84179.14999999998,162879.8700000001,356419.68,129553.0419999992,78.38461538461539,7204.846153846154
44288.20000000004,84179.14999999998,162879.8700000001,356419.68,131275.55199999918,77.92,7205.64
45610.45000000001,85113.15999999996,164615.65000000008,357208.3699999999,139906.48199999917,76.76,7131.04
30424.419999999944,79025.17999999995,164375.39000000013,354629.66999999987,143126.75199999916,76.65384615384616,7193.884615384615
27903.359999999946,73627.72999999997,156934.80000000008,352768.8999999999,144206.58099999916,79.11538461538461,7438.192307692308
27155.37999999995,71509.16999999997,156778.77000000008,349812.3299999999,145460.61099999916,79.8076923076923,7489.615384615385
27929.339999999942,67898.90999999993,153604.65000000005,351476.32999999984,145855.22099999918,81.5,7645.961538461538
27640.780999999875,71928.98099999991,145272.10099999985,353874.22099999984,121588.63099999905,81.42307692307692,7690.615384615385
27640.780999999875,71928.98099999991,145272.10099999985,353874.22099999984,123650.17099999901,81.16,7620.12
27304.940999999886,72915.3909999999,142992.88099999988,355849.3409999998,128949.66099999899,79.88,7549.72
36038.78099999986,66463.2009999998,152399.39099999986,362838.5709999998,129458.36099999896,80.5,7668.846153846154
39487.970999999845,67391.33099999979,149159.7009999997,364395.86099999986,118422.99099999903,80.92307692307692,7720.461538461538
39704.080999999846,66859.4609999998,147620.0709999997,363181.10099999985,111119.19099999893,81.6923076923077,7756.807692307692
43764.950999999906,71694.29099999985,152474.56099999975,369261.06099999987,108937.72099999893,82.8076923076923,7750.7307692307695
35050.529999999955,62691.31099999982,146870.4609999998,363673.12099999987,91828.32099999886,82.6,7761.32
35050.529999999955,62691.31099999982,146870.46099999978,363673.12099999987,90604.18099999885,82.08333333333333,7703.375
32275.959999999955,59580.90099999984,144694.0609999998,361813.7609999999,96214.81099999882,82.73913043478261,7735.565217391304
19930.689999999995,55969.470999999845,134994.65099999978,357439.0709999999,97205.1309999988,82.73913043478261,7735.565217391304
21304.71000000003,60792.68099999987,134420.41099999985,358577.8409999999,101660.18099999895,84.47826086956522,8000.0
22337.39000000002,62041.470999999874,133550.64099999986,358943.3909999999,102346.03099999895,84.78260869565217,7966.869565217391
17501.099999999977,61266.050999999876,129164.9609999998,355838.86099999986,102062.03099999894,85.04347826086956,7812.217391304348
17501.099999999977,52551.62999999992,124480.61099999983,352754.0109999999,147052.07999999955,83.54545454545455,7736.954545454545
17501.099999999977,52551.62999999992,124480.61099999984,352754.0109999999,142885.5299999996,83.04761904761905,7682.285714285715
18799.50999999998,51075.46999999993,123990.86099999984,351331.1309999998,142885.5299999996,78.95238095238095,7447.761904761905
18799.50999999998,38730.199999999975,105193.40099999978,333734.4609999998,144481.0599999996,78.95238095238095,7447.761904761905
38851.20000000028,60155.91000000031,127547.2410000001,356737.0110000001,148131.39999999956,83.9047619047619,7674.0
38173.54000000028,60510.9300000003,127370.3910000001,353140.38100000005,147891.32999999955,83.71428571428571,7659.0
39713.95000000025,57215.05000000023,128909.34100000009,354318.39100000006,148212.87999999957,84.38095238095238,7800.190476190476
46989.96000000021,64491.06000000019,127182.37100000001,358086.461,138475.46999999954,85.52380952380952,8030.142857142857
46989.96000000021,64491.06000000019,127182.37100000001,358086.46100000007,141310.65999999948,85.75,8076.15
50008.35000000018,68807.86000000016,128388.76100000001,359953.63100000005,150796.57999999952,82.3,8019.85
58753.83000000018,77553.34000000016,133522.81100000002,360703.711,158439.19999999972,82.38095238095238,8086.190476190476
45662.79000000002,84513.9900000003,145306.67100000018,368928.3810000002,154499.5499999997,86.14285714285714,8452.666666666666
48038.97999999999,86212.52000000025,148253.99100000013,371430.9210000002,152537.90999999968,87.23809523809524,8524.238095238095
50340.170000000006,90054.12000000024,151320.17100000015,374319.5610000003,162958.19999999978,88.42857142857143,8723.761904761905
48021.520000000004,95011.48000000021,147563.11000000016,376021.42100000026,157433.9099999998,88.33333333333333,8780.238095238095
48021.520000000004,95011.48000000021,147563.11000000016,376021.4210000002,158368.4399999998,87.3,8669.45
45982.08000000003,95990.43000000021,147065.9000000002,375453.7410000003,164170.0899999998,86.0,8500.7
58134.22000000015,116888.05000000032,155618.2500000003,385593.3810000003,167093.9299999998,86.04761904761905,8547.52380952381
52766.37000000001,98429.16000000003,158585.07000000036,390376.9510000003,168012.2499999998,89.71428571428571,8812.52380952381
52116.83000000003,100155.81000000001,160666.7400000003,390895.0910000003,235589.83999999939,89.38095238095238,8725.42857142857
51329.990000000005,101670.16,158885.21000000025,394932.0810000003,235034.8799999994,91.71428571428571,8855.095238095239
50342.87000000003,98364.39000000003,162855.45000000022,388426.63100000017,228399.08999999944,91.76190476190476,8875.857142857143
50342.87000000003,98364.39000000003,162855.45000000024,388426.6310000002,223783.90999999948,90.75,8835.15
52662.23000000001,98644.31000000003,167452.17000000022,391648.7210000002,229567.49999999942,89.38095238095238,8863.809523809523
44373.529999999955,102507.75000000009,180061.09000000026,400405.95100000023,229159.06999999942,90.86363636363636,8851.454545454546
41547.96999999989,94314.3399999999,178828.33000000022,396555.81100000016,228094.88999999943,91.30434782608695,8838.304347826086
40781.599999999904,92898.42999999993,179110.9500000002,397931.1910000002,232562.24999999942,91.29166666666667,8773.291666666666
37300.63999999994,88630.62999999998,178684.75000000023,393555.4510000002,224635.99999999927,90.95833333333333,8645.541666666666
38534.63999999994,88877.51,183888.9900000002,381712.721,218327.5899999993,90.66666666666667,8596.916666666666
38534.63999999994,88877.50999999998,183888.9900000002,381712.721,216875.32999999932,90.21739130434783,8627.95652173913
35654.00999999998,88316.24,184306.6700000002,378375.02100000007,223505.55999999927,87.5,8378.166666666666
23045.089999999916,67418.61999999988,184306.6700000002,375436.2610000001,227317.93999999925,87.5,8378.166666666666
20834.329999999944,62382.299999999836,160811.45999999985,370127.07099999994,234869.6899999992,89.20833333333333,8549.0
22111.83999999993,62893.439999999835,163049.24999999983,371180.25099999993,237016.77999999915,88.24,8432.08
24896.96999999994,62197.60999999989,163867.76999999987,373557.38099999994,236716.8299999991,86.64,8447.96
22951.13999999995,61485.7799999999,159850.16999999993,371211.69099999993,229099.4399999992,85.68,8324.96
22951.13999999995,61485.7799999999,159850.16999999993,371211.6909999999,223890.83999999918,84.66666666666667,8253.5
26198.04999999991,61852.05999999988,160496.36999999994,373998.29099999985,230424.95999999912,82.875,8183.916666666667
30928.549999999876,53973.6399999998,156481.3899999999,369029.38099999976,227997.37999999922,82.48,8139.88
32636.419999999856,53470.74999999981,147785.0899999997,366719.49099999975,228610.2799999992,83.72,8232.32
37599.83999999997,59711.679999999906,152610.1099999998,372373.27099999983,222168.399999999,84.88,8347.32
38213.51999999992,63110.48999999985,151741.1199999998,370960.2009999997,221411.709999999,84.64,8325.36
79426.22999999952,102377.36999999946,191254.87999999942,410746.97099999944,216950.64999999906,84.44,8149.0
79426.22999999952,102377.36999999946,191254.87999999942,410746.9709999994,203980.519999999,83.54166666666667,7965.375
77522.06999999956,103720.11999999946,192036.35999999943,412017.6509999994,209483.01999999897,82.0,7803.541666666667
78797.73999999955,109726.28999999943,177144.9099999993,399226.36099999934,209480.419999999,82.2,7813.64
78444.84999999957,111081.26999999942,173463.56999999928,399439.9709999994,210411.679999999,83.6,7955.72
75145.40999999947,112745.24999999945,175638.6899999993,403164.8909999993,213390.32999999903,83.72,7935.16
72964.6299999995,111178.14999999941,173375.7599999993,403955.26099999936,211625.969999999,83.16,7881.76
31609.59999999989,111035.8299999994,172521.60999999932,398068.3709999993,137919.53999999946,82.08,7795.12
31609.59999999989,111035.8299999994,172521.60999999932,398068.37099999934,136922.18999999948,80.33333333333333,7625.916666666667
31998.419999999885,109520.48999999944,171372.5499999993,398405.6209999993,98219.24999999924,79.25,7578.875
41135.43999999996,119933.17999999951,173906.81999999928,409937.38099999935,100946.8399999992,80.16,7653.92
41412.269999999946,119857.1199999995,173327.86999999933,412948.88099999935,100992.86999999918,81.08,7571.12
37510.86999999996,112656.27999999943,172367.95999999935,413520.38099999935,104106.9799999992,78.92,7513.08
38449.739999999925,111414.3699999994,174524.8599999993,414475.6609999993,103092.0399999992,78.48,7592.0
50584.45999999995,82194.05999999984,184571.42999999935,421012.0499999994,93231.20999999924,77.36,7557.08
50584.45999999995,82194.05999999984,184571.42999999932,421012.0499999994,91698.50999999925,77.33333333333333,7613.25
49730.90999999997,81729.32999999984,185449.4499999993,420831.5899999994,98928.42999999922,75.29166666666667,7449.916666666667
39266.899999999914,80402.33999999987,190128.62999999928,413165.4999999994,98464.69999999924,74.72,7358.0
37821.24999999994,79233.51999999987,190314.78999999928,411282.15999999945,96065.64999999924,77.08,7524.88
39130.639999999934,76641.50999999988,189386.75999999928,412946.9399999994,104967.9499999993,76.6923076923077,7482.384615384615
38193.18999999996,76642.92999999988,187821.0799999993,408903.8999999993,100650.89999999934,77.38461538461539,7588.692307692308
26512.979999999934,77097.43999999989,188133.2699999993,412474.4999999993,94270.23999999938,77.57692307692308,7585.346153846154
26512.979999999934,77097.43999999989,188133.26999999932,412474.49999999936,93654.33999999939,77.24,7573.92
25712.849999999944,75443.75999999991,184964.24999999936,414268.47999999934,100160.80999999934,76.2,7484.0
